{"cameraMode":{"drawMode":0,"name":"Shaded","section":"Shading Mode"},"sceneLighting":true,"audioPlay":false,"sceneViewState":{"showFog":true,"showMaterialUpdate":false,"showSkybox":true,"showFlares":true,"showImageEffects":true,"showParticleSystems":true},"in2DMode":false,"pivot":{"x":1.0882453918457032,"y":117.7537841796875,"z":227.56011962890626},"rotation":{"x":0.25890013575553896,"y":-0.010141788050532341,"z":0.0027185522485524418,"w":0.9658477902412415},"size":1291.7667236328125,"orthographic":false}