{"cameraMode":{"drawMode":0,"name":"Shaded","section":"Shading Mode"},"sceneLighting":true,"audioPlay":false,"sceneViewState":{"showFog":true,"showMaterialUpdate":false,"showSkybox":true,"showFlares":true,"showImageEffects":true,"showParticleSystems":true},"in2DMode":false,"pivot":{"x":-195.0739288330078,"y":-7134.7724609375,"z":2994.6279296875},"rotation":{"x":0.5478502511978149,"y":-0.01505652628839016,"z":0.009862366132438183,"w":0.8363832235336304},"size":8992.146484375,"orthographic":false}