{"cameraMode":{"drawMode":0,"name":"Shaded","section":"Shading Mode"},"sceneLighting":true,"audioPlay":false,"sceneViewState":{"showFog":true,"showMaterialUpdate":false,"showSkybox":true,"showFlares":true,"showImageEffects":true,"showParticleSystems":true},"in2DMode":false,"pivot":{"x":-763.9920654296875,"y":-3684.224609375,"z":8805.240234375},"rotation":{"x":0.4026870131492615,"y":0.06307883560657501,"z":-0.027829565107822419,"w":0.9127376675605774},"size":2017.8348388671875,"orthographic":false}